username,realname
Nsalomonis,Nathan Salomonis
BruceConklin,Bruce Conklin
Khanspers,Kristina Hanspers
Thomas,Thomas Kelder
AlexanderPico,Alexander Pico
Egonw,Egon Willighagen
Andra,Andra Waagmeester
Mkutmon,Martina Kutmon
Ddigles,Daniela Digles
Eweitz,Eric Weitz
A.Pandey,Akhilesh Pandey
Christine Chichester,Christine Chichester
AMTan,Andika Tan
DeSl,Denise Slenter
FerryJagers,Ferry Jagers
Mick Eikelhof,Mick Eikelhof
N.Reyes,Niradiz Reyes
MartijnVanIersel,Martijn Van Iersel
Kdahlquist,Kdahlquist
Mills42,Caroline Miller
L Dupuis,Lauren J. Dupuis
Fehrhart,Friederike Ehrhart
Garima.thakur,Garima Thakur
M.Lieberman,Michael Lieberman
N.Mantei,Ned Mantei
Irenemolina,Irene
Asios Olia,Asios Olia
L.M.Ferrante,Lynn M. Ferrante
Nuno,Nuno
Marvin M2,Marvin Martens
Evelo,Chris Evelo
C.Redfern,Charles Redfern
Timverbruggen,Tim Verbruggen
Zari,Zahra Roudbari
Michiel,Michiel Adriaens
Susan,Susan Coort
Olivier.traets,Olivier Traets
MirellaKalafati,Marianthi Kalafati
Jmelius,Jonathan Mlius
Lindarieswijk,Linda Rieswijk
M.Braymer,Meredith Braymer
Ariutta,Anders Riutta
Elisa,Elisa Cirillo
Wpblocked,Blocked Account
N.Gal,Nurit Gal
Cizar,Cizar
Finterly,Finterly Hu
Acorrigan,Acorrigan
Alipi,Alipi Naydenov
Ehsiao,Ed Hsiao
Samuel Sklar,Samuel Sklar
Jessev1993,Jesse Vercoulen
Anwesha,Anwesha Bohler
Lawson,Dan Lawson
Teacup,Lotte Sevenich
Madeomuga,Amadeo
Krasin,Krasin
Elisson nl,Elisson Lopes
Chaodc,De-Cheng Chao
Dingju11,Jun Ding
Strand,Strand Life Sciences Pvt. Ltd
MirkoBaranzini,Mirk Baranzini
NetPath,NetPath
Noopur144,Noopur Sinha
AgustinGV,Agustin Gonzalez-Vicente
Laurent,Laurent Winckers
D.Koren,David Koren
AdoBioInfo,Ado
M.Ramirez,Manny Ramirez
Eveline1705,Eveline Gerretsen
Youssefwalid,Youssef Walid
LWackers,Levi Wackers
AdrienDefay,Adrien Defay
Rollie,Rollie
Robertbaertsch,Robertbaertsch
Ted23,Theodore T. Batalis
Veneman,Veneman
S.Burel,Sebastien Burel
Dex duncan,Dexter Duncan
Bjorn,Bjrn Johansson
Frances55,Frances
Jeangon,Jean Gonzales
Valcour,Valcour
Gael.manes,Gael.manes
Sophiemartin,Sophiemartin
Hirbec,Hirbec
Sumihiro,Sumihiro
Mauro,Mauro Pala
Kyook,Karen Yook
RaatsS,Stefan Raats
Nawalb,Nawalb
Engl,SD Englert
Misbah,Misbah
Nattha,Nattha Wannissorn
Uomoamare,Luigi Maiorana
Mateusz,Katal
LarsEijssen,Lars Eijssen
Babikerosman,Babiker Malik Osman
Vfunari,Vfunari
Robinhermans46,Robin
Mdstobbe,Miranda Stobbe
Pahles,Patrick Ahles
Priyanka K,Priyanka Kulkarni
Licong,Licong
Pieter Giesbertz,Pieter Giesbertz
A.stubbs,Andrew Stubbs
Sudeshna das,Sudeshna Das
Jmr230,Jason Rosenzweig
Bzhang,Bzhang
N.Fidelman,Nick Fidelman
Cirgill,Cirgill
Maiyu,Maiyu
Cloris816,Nan Ding
Age,Daniel Wuttke
VandyConte,Vand Conte
AllanKuchinsky,Alla Kuchinsky
Kwagner,Keith Wagner
Vtriver6,Chun Chen
Yesim,Yesim Aydin Son
Piet,Piet Molenaar
Kohane,Kohane
David.chen,David Chen
I479926,Tommy
Karin,Karin
Tcilegnar,Patrick Kuijpers
Larissa.hillebrand,Larissa.hillebrand
I477729,Sabrina
L.jeurissen,Loes Jeurissen
Lieneke30,Lieneke Steeghs
Flipke,Flipke
Johanna,Johanna
Anne,Anne Dirkse
Tom85,Thomas Theelen
Coolseenu,Mettu S Reddy
Pjaiswal,Pankaj Jaiswal
Wpgqy,Wangpeng
Essam Sharaf,Essam Sharaf
Zans,Chancy Lim
Egoyenechea,Egoyenechea
Damariz,Damariz Rivero
Jildau,Jildau Bouwman
Ommen,Ben Van Ommen
Amcuser,AMC Human Genetics
Pavel Krecek,Pavel Krecek
Jelena,Jelena
Rpandey,Rpandey
SFGKrens,Gabby Krens
Lousk,Lou Shaoke
Lokireddy,Sudarsanareddy Lokireddy
J.krumeich,Jan Krumeich
MLevels,Maartje Levels
Adenovirus,Kira Fischer
Davidc,David Chen
Stan.gaj,Stan Gaj
Ryanmiller,Ryan Miller
VanessaSousa,Vanessa Sousa
Lribeiro,Lucia Ribeiro
Artoria2e5,Mingye Wang
Mihinis,Ahmed G. A. Ali
Kristina2,Kristina
Gomez009,Victoria
LauraS,Laur S
Toxlab,James Bjork
MXFKosho,Madeline Kosho
Davidlopez,Davidlopez
M.Patti,Mary-Elizabeth Patti
J.Heckman,Jessica Heckman
Bluedragon,Bluedragon
Ripfelj,Johann Ripfel
Wapo1987,Michael Rutjens
Nemethd,Nemethd
Ashishfeb13,Ashish
Liisa18,Liisa Arike
Gharding,Gharding
Anku,Abhishek
Ssd1805,Sharestha Drall
Whom,Whom
Vinillaxue,Vinillaxue
Emcderm2,Erica L. M Dermott
Liangdp,Liangdp
Etaglobin,Etaglobin
AaronCaine,Aaron Caine
Madhu Rohini,Madhu Rohini Vadlamani
Boghog,Boghog
Metalmephisto,Tyler Peryea
Wdm,Wdm
I.Reyes,Ismael Reyes
A.Kwa,Andrew Kwa
Conroy lipids,Matthew Conroy
Carlospirola,Carlos J Pirola
Cgrove,Christian Grove
E.Tuninsky,Ellen Tuninsky
Madhun,Madhu Nandakumar
Glenda,Glenda Nicioli Da Silva
Annaspathways,Annaspathways
Ielnaqa,Issam El Naqa
Saibrahi,Sara Ibrahim
Abhishekgupta2,Abhishek
Jilldunham,Jill Dunham
C.Harder,C.Harder
Lac1979,Liam
Nbhatla,Nikhil Bhatla
Noirobscure,Maria Pires Pacheco
Ryan.miller,Ryan Miller
Felix555,Felix Rckert
Ddomingof,Daniel Domingo-Fdez
Jhanna37,Jon
Lrs001,Lucas Smith
IlianaSach,Iliana Campillo Sach
Dmitriev200,Sergey Dmitriev
BadrulYahaya,Badrul Yahaya
JosipMadunic,Josip
Lifish,Zvi Fishelson
Fdennissen,Frank Dennissen
Caliando,Brian Caliando
IreneHemel,Irene Hemel
UlasBabayigit,Ulas Babayigit
Drgibson,Andrew Gibson
Ersaxton,Eric
Thripsi,Axel Weber
Rfijten,Rianne Fijten
MV,Misha Vrolijk
MLW2011,Camiel Hoogendoorn
Raymon,R. Niemans
Gustav,Gustav
Bart Smeets,Bart Smeets
AndtheWings,Daniel Riggins
CMalyar,Celine Malyar
Sabinedaemen,Sabine Daemen
Dmb,Dan Bolser
B.taneri,Bahar Taneri
Pragat11,Pragat Wagle
Jakechen,Jake Chen
Tdavid88,David Jones
KathyIvey,Kathy Ivey
Helix,Helix
Shosui,Shannan Ho Sui
Jcompai,Jerome Compain
Dinghs,Huashi Ding
Bandrow,Anita Bandrowski
Godevil,Yang an
Chrisgill,Chris Gill
AndySewgobind,And Sewgobind
Alex Bel,Alexander
Jyoti,Jyoti Sharma
A.C.Zambon,Alexander C. Zambon
Francesco.chemello,Francesco Chemello
FrancoBM,Franco B. Mueller
Bjoernoest,Bjoern Oest
CarlosBorroto,Carlos Borroto
Drrenugoel,Dr. Renu Goel
Jwdietrich,Johannes W. Dietrich
RuiLiu,Ru Liu
Julia,Julia E. Torres
Jsman25,Jeremy Slivnick
Lovnish.thakur,Lovnish Thakur
Sumeshka,Dilshan Sumeshka
Hester,Hester Stekelenburg
Parnell,Larry Parnell
Ruairir,Ruairir
Meetmadhan,Madhan
Alex TheCellCollective.org,Alex Th Cel Collective.org
A.J.Carolo,Austin J. Carolo
Kobolddoido,Ferreira 
Mgow,Matthew Gow
Swish,Swish
Bjorklund,Natalie Bjorklund-Gordon
Riannefijten,Rianne Fijten
Ryannw04,Ryan Buckman
Kuocy,Kuocy
Nareshibt,Naresh Rambabu
Jgeerligs,Job Geerligs
Cmsales,Christopher Sales
Sham.uk,Shamith Samarajiwa
Omd 83,Omar
Ziska,Franziska Kreidl
Hoolima,Hoolima
Aronkirschner,Aronkirschner
KuroiR,Aaron Kolder
Burslem,Onne Ronda
Maggie,Margreet Meems
Eliene.albers,Eliene Albers
Gideonwackers,Gideon Wackers
Laura van Dam,Laura Van Dam
I444332,Henk
Dianne91,Dianne Ackermans 
Maartje,Maartje
I579084,Stans
Yvesslenter,Yves Slenter
Dana,Dana
Dominiquejohannapower,Dominique Beckers
Maxvanson,Max Van Son
Schmidtdav,David
Beatrice,Beatrice
Josen,Josen
Sravanthikmit,Sravanthi
Nqumla,Ntombekhaya
Mick42,Mike Dunn
J.Fong,Joanna Fong
Olesia,Olesia
Askspurl,Alex
MNietoDiaz,Manuel Nieto Diaz
Mamatha,Mamatha Hanumappa
Qiuying,Qiuying Chen
Thibaut,Thibaut
Shi,Shi
Parameswari,Parameswaripaul
Oooops,Oooops
Starrylife,Starrylife
Ssibrahim,Sara M Ibrahim
MireilleSthijns,Mireille Sthijns
Ogan,Ogan
Insectopalo,Gonzalo
Charoentong,Pornpimol Charoentong
Leen kesters,Leen Kesters
JPH,JPH
Youngw,Wayne Young
Liy2007,Lili Yang
Kerenl,Keren Lasker
Devi,Devi
Cherradi,Salah-Eddine LAMHAMEDI CHERRADI
Martin Urban,Martin Urban
Laurayee,Laurayee
Biswapriya,Biswapriya
Pgfebbo,Phillip Febbo
Nlw.wilson,Nicole Wilson
Jaiswallab,Mamatha Hanumappa
Roelod,Roelod
Leaguile,Leo
Psolaimani,Parham Solaimani
AndrewStubbs,Andrew Stubbs
Sirrichard10,Ricardo S. Rodrguez
Gwarsow,Gregor
Burak,Burak
Mbluemel,Martina Bluemel
Cern,Panpan CUI
Aks20588,Akshat
Josekjoy,Jose k Joy
Fcastriota,Felicia Castriota
SteveL,Stev L
DMicael,Deborah Micael
Mcclainll2,Mrs. M
Itir,Itir Karac
Leonjohn2008,Liang Zhao
SvetaG,Svetlana Gerdes
AlexS1220,Alex
Yzhuang,Yun
Richard10,Ricardo S. Rodrguez
Carel.jonkhout,Carel Jonkhout
Mechebek maghnaui,Abdelkader
Quanquan,Quanquan
Johnfoy,John Foy
Dwarfruler,Wouter Hubens
Lianne9492,Lianne
Girojer,Gisele Rojer
Chanty,Chanty
SilentSoldierGR,Glenn Rademakers
Glenn R,Glenn Rademakers
Cboye21,Chris Boye
Nadinerouleaux,Nadine Rouleaux
FrankR,Frank Raven
Jeintje,Jeintje
Erikvanzetten,Erik Van Zetten
Amybogaart,Amy Bogaart
Christianpathway,Christianpathway
Emmyottenheijm,Emmy Ottenheijm
Bryan,Bryan Adriaanse
Laylawirds,Layla Wirds
Uttq,Uttq
Skullslime,Skullslime
Sravanthisinha,Sravanthi Sinha
Kernelhunter92,Hemanth
Applecool,Sr Harsha.P
Frank,Frank
Iamlove,Jeff
Beantha,Beantha
Isabel,Isabel
Wizardfan,Jun Fan
Ajose,Adarsh Jose
Mostaszewski,Marek Ostaszewski
Rienks,Marieke Rienks
Wderks,Wouter Derks
SophieDeckx,Sophie Deckx
U0064053,Lucas Van Aelst
JYoungren,Jack Youngren
Sravanthi,Sravanthi
Jmboer,Judith M. Boer
Maguirre1,M Aguirre
Sf523263,Weijuan Li
Zhuodu,Zhuodu
A1aks,Akshay Bhat 
Nagpathway,Nagpathway
Soumyaravi,Soumyaravi
Gorfo,Economou Lab
MSParcells,Mark Parcells
Wpjackso,William P. Jackson
Bradley Monk,Bradley Monk
Fulleffect,Fulleffect
Sbohler,Sacha Bohler
Tokimatsu,Toshiaki TOKIMATSU
Wangjs,Junsong Wang
Torresandon,Fernando Torres Andn
Mehdishadmand,Mehdi
Amanzo,Arturo Manzo-Fontes P D
B.Lawlor,Beth Lawlor
Angelika,Angelika
Gillespm,Marc Gillespie
Anam,Anam
Marijke Jozefczak,Marijke Jozefczak
Mbrandon,Mbrandon
Prakamya1986,Prakamya Gupta
Joshloebs,Josh Loebs
Josh.hanscom,Josh Hanscom
Lmjackson,Laura
Luke.fuhrman,Luke Fuhrman
Kmastick,Kellen Mastick
Robatwiki,Rob
S.Doniger,Scott Doniger
Afukushima,Atsushi Fukushima
I.BenShlomo,Izhar Ben-Shlomo
A.Hsueh,Aaron Hsueh
Andrewlmason,Andrew Mason
Lslabim,Luis
J.S.Fong,Joanna S. Fong
Cloris,Cloris
Daniel.trinunes,Daniel Trindade
Danieltrinunes,Daniel Trindade
Adinasarapu,Ashok R. Dinasarapu
Biodados,Lab. Biodados UFMG
Oneshin,Oneshin
Selinad,Selina Dwight
Rama,Rama Balakrishnan
Stacia,Stacia
Zgan,Zhuohui Gan
Rnash,Rnash
WRoth,William Roth
Xiusim,Xiuli Sim
Jseita,Jun Seita
BeverlyTorokStorb,Beverly Torok-Storb
DanielKuppers,Danie Kuppers
Nohj,Jiyoon Noh
DebFrench,Deborah L French
Schwalie,Petra Schwalie
Kim de Nooijer,Kim De Nooijer
Alvin kho,Alvin Kho
Kufer,Kufer
Andi1006,Neerincx a
Monakhov82,Mikhail Monakhov
Khettne,Kristina Hettne
Kozo2,Kozo Nishida
Carlopozzi,Carlo Massimo Pozzi
Papax,Alex Papachristodoulou
A.Chow,Anita Chow
Hubert,Hubert Hug
Bconklin,Bconklin
Ishida-kazuya,Kazuya Ishida
Dtruong,Danielle Truong
Joneslab,Michael Wilhide
DanielL,Daniel-Alexandru Lupascu
Bassetfrog,JT. Saito
N.Cotte,Nathalie Cotte
Lorasimons,Lora Simons
Gdannag,Giuseppe D'Anna
Giorgia,Giorgia Spampinato
Pmenke,Pmenke
Guoqian,Guoqian
Maria Cecilia,Maria Ceclia Costa
Justgerrardz,Justin Gerrardz
Neilswainston,Neil Swainston
Cannin,Cannin
Liyou,Liyou an
Vjlynch,Vinny Lynch
Danio368,Nicolas DAVID
Fredp,Frederic Pacho
Alistairchalk,Alistair Chalk
Santosh.kodgire,Santosh Kodgire
GIOVANNA VALENTI,GIOVANNA VALENTI
Trovato angela,TROVATO ANGELA
Paul Cavuoto,Paul Cavuoto
Gsu,Georg Summer
Ingrid.felicidade,Ingrid Felicidade
CLemmens,Claire Lemmens
DrLightbourn,Dr Luis Alberto Lightbourn P D
Ruudweijer,Ruud Weijer
Penny,Penny Nymark
Elgavish,Sharona Elgavish
Aldarodrigues,Alda J. Rodrigues
Skrekels,Skrekels
AAR&Co,AAR&Co
Jacobwindsor,Jacob Windsor
WBDerry,Brent Derry
Jjjvanderhooft,Justin Van Der Hooft
Mrwabl,Matthias Wabl
Rishiaachaibersing,Rishi
Mark,Mark Van Grinsven
Bingo,Bingo
PaoloRomano,Paolo Romano
Liling,Liling
Nirupama,Nirupama Benis
HarmNijveen,Harm Nijveen
Rithyaga,Rithyaga
Prslab,Dr.P.R.Sudhakaran
Adario,Adario
JPM van Rijn,Jeaphianne Van Rijn
Cydpkmz,Ceyda Pekmez
Dfornika,Dan Fornika
Siddiqa,Amnah Siddiqa
NickKeur,Nic Keur
Contrerasad,Adrian Contreras
Herman,Herman
C.F.Thorn,Caroline F. Thorn
Markifowler,Mark Fowler
LvdWouw,Lot Van De Wouw
KJanssen,Kelly Janssen
Maxgestin,Maxime Gestin
ThomasKelder,Thomas Kelder
Tina.test&,Tina.test&
GrantYang,Gran Yang
AndrewGNF,Andrew Su
Mgaldzic,Michal Galdzicki
Bgood,Benjamin Good
Kasuga,Kasuga
KristinaTest,Kristina H
Lstein,Lincoln Stein
NickSantistevan,Nick Santistevan
SamRudy,Sa Rudy
R.muetzelfeldt,Robert Muetzelfeldt
Pranjan77,Priya Ranjan
Eoin,Eoin
Wittwehr,Clemens Wittwehr
Jessevdam,Jesse Van Dam
Rlogeay,Logeay
Cidms,Pradeep Kumar Sreenivasaiah
Baizhx,Baizhx
PicoTest22,Alex Pico
KimMulders,Kim H.R. Mulders
Nikhil96sher,Nikhil Sheoran
Tstusreg,Tstusreg
Azankl,Andreas Zankl
Tgds003,David Kim
AdminTester,Kristina Hanspers
Ramesh,Ramesh 
TopiMeuronen,Topi Meuronen
SauerThorben,Thorben Sauer
JJvdHeijden,JJv Heijden
Jkearns445,Jeroen Kearns
ChesdeWindt,Chesley De Windt
Jeffrey Goessens,Jeffrey Goessens
Annahoekstra1,Anna Hoekstra
I6095275,JJAJ Bastings
Mjh,Matthew
Lauravanzon,Laura Van Zon
Hhhwschmidt,Harald Schmidt
Kodlips,KHALID RASHID
Xuyongdeng,Xuyongdeng
Akassoglou,Katerina Akassoglou
Andrewmendiola,Andrew Mendiola
StephanieWiddison,Stephanie Widdison
Josienlandman,Josien Landman
Yasminomar,Yasmin Omar
Simon schmidt,Simon Schmidt
Rik Lahaije,Rik Lahaije
Niels,Niels
AnneFriesacher,Ann Friesacher
Cenna Doornbos,Cenna Doornbos
Roel,Roel Hacking
Prakshi,Pratibha Thakur
Lisaaheld,Lisa Martina Held
Richard97,Richard Delava
EiriniDel,Eirini Deligiannidou
Paquettej,Jesse Paquette
Dipa179,Dipanwita Roy Choudhury
Mzolisi,Mzolisi Mtshaulana
Ewexler,Ericwexler
Linda.Rieswijk,Linda Rieswijk
HRitter,Hermann Ritter
Arik,Arik
Mohhafez,Mohhafez
Carlosaxg,Carlos Alberto Xavier Gonalves
Nadine Hft,Nadine Hft
Eoinfahy,Eoin Fahy
Scm3,Shankar
Snaithani,Sushma Naithani
VioletH,Viole H
Tristanvanderlinden,Tristan Van Der Linden
Shigeta,Ron Shigeta
Claudio.j.villanueva,Claudio Villanueva Ph.D.
Mark.scott,Mark  Scott
GMKeulen,G. Keulen
LobkeM,Lobke Meels
ElineSanders,Eline Sanders
BrittPieters,Britt Pieters
EviSchoenmaker,Eveline Schoenmaker
Ingebude,Ingebude
NhungP,Nhung Pham
Mkass,Megi Kass
Azkalaty,Paul Rgnier
Chris,Chris Gillissen
Mikikot,Mikiko Takahashi
SNorton,Scott Norton
AnneDB,Anna De Brouwer
Victoravr,Victor Avramov
Mlatorre,Magda M. Latorre
Subbannayya,Yashwanth Subbannayya
Krizzukas,Kristin Koppelmaa
Akutmon,Amy Kutmon
SamDrabbe,Sam Drabbe
Leonievdven,Leonie Van De Ven
VAishwarya,Aishwarya Vellanki
Aminkhazeei,Aminkhazeeitabari
CarolineMrejen,Caroline Mrejen
Alla,Alla
RGrosmanC,Raquel Grosman
Rik-lahaije,Rik Lahaije
Rex D A B,D. A. B. Rex
Ozanozisik,Ozan Ozisik
Rlee,Ritchie Lee
Amber,Amber Koning
Eduati,Federica Eduati
Ycc86829,Congcong Yin
JenG,Je G
LVreeswijk,Lara Vreeswijk
S. Arnouts,Shirley Arnouts
Iulia.ioncu,Iulia Ioncu
Bas Lahaije,Bas Lahaije
P.vanLier,Pip van Lier
WoltersAAT1804,Anouk Wolters
Zoebarois,Zoe Barois
Keshav,Dr. T. S. Keshava Prasad
CedricPluis,Cedric Pluis
BramMennen,B.P.E. Mennen
Liekevandenbogaart,Lieke Van Den Bogaart
IsabelWassink,Isabe Wassink
AnnaNi,Anna Niarakis
Siddarth,Siddarth
MCMJanssen,Margit Janssen
Tilmans,Yves Tilmans
Jfigueirahasbun,John Figueira Hasbun
Annabaya,Anna Baya Meuleman
Omranhasan,Omran Hasan
Diazflorese,Ernesto Diaz-Flores
Victor Marx,Victor Marx
Daisydx,Xin Ding
Anatolymikutin,Anatolymikutin
Angelcymak,Angelcymak
SElBoudllali,Soukaina Boudllali
Juliajohnsson,Julia Johnsson
Jdoijen,Jordi Doijen
ElisaSantarsiero,Elisa Santarsiero
Larsgw,Lars Willighagen
ExperiMed,Maximilian Saller
GabrielCouillaud,Gabriel Couillaud
Clairebillingsley,Claire Billingsley
KJTLUC,Kingson ''junsheng Thang'' Luc
AlinRus,Mario Alin Rus
Nuraytalih,Nuray Talih
Zhouyf,Zhouyf
RickHendriks1999,Rick Hendriks
Soniaa.balan,Sonia Balan
PaulaP04,Paula Parra
WayanM0,Wayan Monet
Tianjiang,Jiang Tian
Jpg64,Joe G
Iljadw,Ilja De Wolf
SVossen,Simon Vossen
Lenaszabo,Lena Szabo
Thesylex,Benjamin Schiller
Rikki,Rikki Frederiksen
Mtkerkhofs,Marijn Kerkhofs
DanaMustafa,Dana Mustafa
LKoole,Lisa Koole
Ariajadhav,Aria Jadhav
Alexandrabosch,Alexandra Bosch
NKnoops,Nanda Knoops
Duygudd,Duygu Dede Sener
Clclass,Calvin Classon
Diana.gco,Diana Garcia
RTokaai,Rocheliene
Natalieh,Natalie Hinkova
MvdGarde,Martijn Van De Garde
IrkilmezA,Alp Irkilmez
TadeIdowu,Tade Idowu
DKalbe,Denise Kalbe
JDoreen,Doreen Jost
Mario5181,Mario Zubak
Frucsek13,Fruzsina Magyar
Aysegul Celik,Aysegul Celik
Annemichielsen,Anne Michielsen
Noortjevdvorst,Noortje Van Der Vorst
Hafeez,Hafeez-Ur-Rahman
HumeraFiaz,Humera Fiaz
Lcayer,Lucien Cayer
Friols,Fabien Riols
TheodorosZarotiadis,Theodoros Zarotiadis
Nadiapan1,Konstantina Pandi
XNauts,Xavier Nauts
Derob,David Robelin
EmiliaAgasi,Emilia Agasi
Mushtong,Cindy Tong
PeterSwanenberg,Peter Swanenberg
AmauryPelzer,Amaury Pelzer
EnzoChiaradia,Enzo Chiaradia
SMBachmann,Susan M. Bachmann
Myrtevandebergh,Myrte Van De Bergh
AnaRodrigues,Ana Rodrigues
LeonieSieder,Leonie Sieder
Maria van de Meent,Maria Van De Meent
RoelvO5,Roel Van Overbeek 
VeerleHorsting,Veerle Horsting
Pklemmer,Pierre Klemmer
GiangNguyen126,Giang Nguyen
LucHooglugt,Luc Hooglugt
Jesper,Jesper
Jingjingcai,Jing Jing Cai
AnnaVanWersch,Anna Van Wersch
Rvanrosmeulen,Roos Van Rosmeulen
Leo-kal,Leo Kalapurackal
TimZotti,Tim Zotti
EvelinePeterse,Eveline Peterse
QuintenLok,Quinten Lok
ChristeldeVries,Christel De Vries
ZDLech,Zuzanna Lech 
ImkeGrutters,Imke Grutters 
JPippi,Josephine-Elisabeth Pippi
MiriamBabukhian,Miriam Babukhian
Leadoerner,Lea Doerner
Pepinmarshall,Pepin Marshall
Linda24012000,Linda Kollenburg
MvanderPas,Manon Van Der Pas
Edmeesnijders,Edme Snijders
Haseena,Haseena Noureen
Lore,Lore
Nvalenbreder,Nina Valenbreder
Shad4,Daria Shumkova
VPencheva,Velina Pencheva
Kushidat,Kushidat
LaureAlix,Laure-Alix Clerbaux
Ajtulling,Adam Tulling
Gwo,Georg W. Otto
Isisrp,Isis Ricao-Ponce
MUHAMMAD NASIR,MUHAMMAD NASIR
Kunusatyabbsr,Satya Mishra
RobertMurphy,Robert C. Murphy 
JulietaCosta,Julieta Ribeiro Cunha Vaz Costa
LLadeira,Luiz Ladeira
Ncananfiliz,Nuriye Canan Filiz
TomPauly,Tom
MarkAHershberger,Mark A. Hershberger
The Herald,Benison P. Baby
Lvickers,Lvickers
Siangyun.ang,Sian Yun Ang
Jinwook,Jinwook.seo
Soniacc,Soniacc
Lmeertens,Lmeertens
An.lebacq,An Lebacq
Hollandorange,Hollandorange
Vahuynh,Van Anh Huynh-Thu
Vincent,Vincent Sluijter
Ksameith,Katrin Sameith
Mbruggen,Martijn Van Der Bruggen
Trudi Sonderkamp,Trudi Sonderkamp
Antonylebeche,Antony Le Bechec
HansRoubos,Hans Roubos
Nivesa77,Kanda Nivesanond
Bertrand.de.meulder,Bertrand De Meulder
Eamonnmulvee,Eamonn
Vladionescu,Vlad Ionescu
Drsd,Seth J. Davis
Zimmerph,Philip Zimmermann
Opperd,Fred Opperdoes
Noreen,Noreen
Annefleur,Annefleur
I379077,Jonas Hummel
RalphStraus,Ralph Straus
Emmaverver,Emmaverver
Evlelien,Evlelien
Robinhermans,Robinhermans
Kevinhermans1987,Kevin Hermans
I447757,Jelena
Hanna,Hanna
Maaikevanp,Maaikevanp
Sandra,Sandra
Jinggao,Jinggao
I441031,Natalie
Janet,Janet Higgins
Charly,Charly John
Wrcannon,William Cannon
Novenou,Novenou
Ejaehnig,Eric Jaehnig
Jasonpark1,Jason Park
Pd,Palitha Dharmawrdhana
Jwnewman,John W. Newman
Rinehart,Rinehart
Chendijun,Chendijun
Elserj,Justin Elser
Eric,Eric Stephan
Zhongyuliu,Zhongyuliu
Aruke,Ruke Achoja
Lbrenn,Lorraine Brennan
Eliabrodsky,Eliabrodsky
Lizezhong,Zezhong Li
Ewormbaser,Paul Davis
Ray Andrews II,Ray Andrews II
Smhouten,Sander Houten
Pietergoossens,Pieter Goossens
Zhu.lu,Zhu.lu
Jaeckel,Carsten Jckel
MaintBot,Maintenance bot
Mweber67,Mweber67
Jlw9,Jlw9
Julia139,Julia139
Webber51,Webber51
Karin87,Karin87
ReactomeTeam,Reactome Team
Joppe014,Joppe014
Iamfine242001,Iamfine242001
Hester1702,Hester1702
Fishermen1275,Fishermen1275
I6003923,I6003923
Tascha23,Tascha23
Markmarkmarkmarkmarkmarkmark1,Markmarkmarkmarkmarkmarkmark1
Txr24,Txr24
Jd690764,Jd690764
Mshel016,Mshel016
Joops05,Joops05
Kyros12,Kyros12
Stefan123,Stefan123
Jjon29,Jjon29
Zhangx888,Zhangx888
Chetan1,Chetan1
EAD2022,EAD2022
Jack007,Jack007
Ambar21,Ambar21
Danie123,Danie123
I450472,I450472
I407550,I407550
I357952,I357952
I427691,I427691
Lli9,Lli9
169.230.77.174,169.230.77.174
212.48.140.65,212.48.140.65
169.230.76.4,169.230.76.4
Melodyner,Melodyner
Yt,Yt
AAR&amp;amp;Co,AAR&amp;amp;Co
442798,442798
V,V
TestUser,TestUser